model,shots,test_accuracy
SmallCNN,1,0.11004444444444444
ResNet,1,0.40504444444444443
DenseNet121,1,0.28926666666666667
VGG16_BN,1,0.3690777777777778
SmallCNN,10,0.16765555555555556
ResNet,10,0.6320111111111111
DenseNet121,10,0.5222555555555556
VGG16_BN,10,0.3151111111111111
SmallCNN,50,0.28886666666666666
ResNet,50,0.7221222222222222
DenseNet121,50,0.7004
VGG16_BN,50,0.5924777777777778
