model,augmentation,val_loss,val_accuracy,val_precision,val_recall,val_f1,test_loss,test_accuracy,test_precision,test_recall,test_f1
SmallCNN,flip,1.2651893069798297,0.5403222222222223,0.539874654863857,0.5403222222222223,0.5378321868088145,1.2723544795404782,0.5387555555555555,0.5384869987411127,0.5387555555555555,0.536371841569217
SmallCNN,shift,1.2932156004350295,0.5258,0.5256513235205317,0.5258,0.5163353624729097,1.2997123085978357,0.5241333333333333,0.524861027859353,0.5241333333333333,0.5149092199950355
SmallCNN,rotation,1.1652140385386618,0.5809,0.5814309191378797,0.5809000000000001,0.5803781988679908,1.1717230008745736,0.5783333333333334,0.5788729579726477,0.5783333333333334,0.5779227260259469
SmallCNN,baseline (brak),1.1348950553008101,0.5923555555555555,0.5897242284173153,0.5923555555555555,0.5905096272378814,1.1432934860614212,0.5898222222222222,0.5870404713692259,0.5898222222222222,0.5879725697356802
SmallCNN,cutmix,1.392023373056542,0.5185333333333333,0.5094304753966752,0.5185333333333333,0.5117835999102,1.395607028156519,0.5180555555555556,0.5089805757230174,0.5180555555555555,0.5111497552658939
